,Tweet Text,Date,Keyword,Time,Dates,Hashtags
0,join us on tues june at pm est pm post with special guest aka sketch poetic on clubhouse not web a,2022-06-13,web3,23:59:59,2022-06-13,"[nft,web3,n‚Ä¶]"
1,were not done days code code newbie women code programming data science academic witter,2022-06-13,web3,23:59:58,2022-06-13,"[100daysofcode,codenewbie,womenwhocode,programming,datascience,academictwitter,‚Ä¶]"
2,music nuts will similarly change how fans interact with music and how music integrates into our lives amp,2022-06-13,web3,23:59:58,2022-06-13,[]
3,to everyone reaching out please be mindful i am currently working upwards of hours per week with everything go,2022-06-13,web3,23:59:56,2022-06-13,[]
4,i will be here for life so i look forward to fostering the relationships i have made in web thus far amp celebrating i,2022-06-13,web3,23:59:55,2022-06-13,[]
5,a portfolio company of the hive the hive lac is hiring a cove and a up of sales hot,2022-06-13,web3,23:59:54,2022-06-13,[]
6,we are heading into the final week of our exhibition fake news and misinformation are around everywhere can web sub,2022-06-13,web3,23:59:51,2022-06-13,[]
7,is shaping the marketing industry in web this not has utility that is long term and not jus,2022-06-13,web3,23:59:49,2022-06-13,[]
8,bear market or not is trailblazing the web space by using nuts as a form of interactive theatre within day,2022-06-13,web3,23:59:48,2022-06-13,[]
9,domain for sale code basics domains domain names code newbie learnt code tech technology,2022-06-13,web3,23:59:46,2022-06-13,"[domains,domainnames,codenewbie,learntocode,tech,technolog‚Ä¶]"
10,where people talk about girl things more with web friends,2022-06-13,web3,23:59:45,2022-06-13,[]
11,you are account frozen web fixes this,2022-06-13,web3,23:59:45,2022-06-13,[]
12,even though consensus has come to a close we are still looking back fondly on the memories it invigorates us to co,2022-06-13,web3,23:59:43,2022-06-13,[]
13,when you attend the javascript for web session of the developer relations team at consensus and the creator,2022-06-13,web3,23:59:41,2022-06-13,"[consensus22,]"
14,just saw a demo of the web platform is working on and i am stoked on top of that all rugrat subcommittee,2022-06-13,web3,23:59:40,2022-06-13,[]
15,of community plug in to your one stope web university nothing but teachings and learning live and direct for,2022-06-13,web3,23:59:40,2022-06-13,[nftcommunity]
16,become the best crypt currency if there is a crypt currency that wants to surpass i coin i personally think that we nee,2022-06-13,web3,23:59:38,2022-06-13,[]
17,million gay ass followers python rob lox it idiot azure porch python stats botnet cup java its,2022-06-13,web3,23:59:38,2022-06-13,"[python,roblox,iot,iiot,azure,pytorch,cython,rstats,dotnet,cpp,java,btsv‚Ä¶]"
18,where can you find people spending millions of dollars on pegs in the mist of a global economic recession web,2022-06-13,web3,23:59:37,2022-06-13,[]
21,come hang out nuts web block chain,2022-06-13,web3,23:59:30,2022-06-13,"[nfts,web3,blockchain]"
22,you date fags days code code newbie women code programming data science academic witter machine learning,2022-06-13,web3,23:59:28,2022-06-13,"[100daysofcode,codenewbie,womenwhocode,programming,datascience,academictwitter,machinelearning,‚Ä¶]"
23,crypt is down a global recession is coming going through a macro bear cycle amp some see the end of web but this is,2022-06-13,web3,23:59:27,2022-06-13,[]
24,hours sale click here ethereal days code not web opens a opens comm,2022-06-13,web3,23:59:26,2022-06-13,"[ethereum,100daysofcode,nft,web3,opensea,openseacomm‚Ä¶]"
25,hours sale click here click here get via ethereal of collectors days code,2022-06-13,web3,23:59:26,2022-06-13,"[ethereum,nftcollectors,100daysofcode‚Ä¶]"
26,hours sale click here via ethereal of collectors days code not web,2022-06-13,web3,23:59:26,2022-06-13,"[ethereum,nftcollectors,100daysofcode,nft,web‚Ä¶]"
27,hero smith hours sale click here ethereal days code not web opens,2022-06-13,web3,23:59:26,2022-06-13,"[ethereum,100daysofcode,nft,web3,opense‚Ä¶]"
28,fag cannot stop saying eminem days code python it porch javascript reacts word press sec,2022-06-13,web3,23:59:26,2022-06-13,"[100daysofcode,python,iot,pytorch,javascript,reactjs,wordpress,secu‚Ä¶]"
29,i am the educated pay here days code code newbie women code,2022-06-13,web3,23:59:26,2022-06-13,"[100daysofcode,codenewbie,womenwhocode‚Ä¶]"
30,the market is down right now but not is still the most revolutionary financial tool for the coming web era to henri,2022-06-13,web3,23:59:21,2022-06-13,[]
31,you all hiring for web positions,2022-06-13,web3,23:59:20,2022-06-13,[]
37,this will likely be our most implant contribution to the internet proud of the team web rip web pcs,2022-06-13,web3,23:59:15,2022-06-13,[web5]
39,are you registered for the course web applications amp you will learn building on bloc,2022-06-13,web3,23:59:14,2022-06-13,[]
43,how is web and block chain enabling the music industry not famous not a problem musicians can now reach fans and,2022-06-13,web3,23:59:07,2022-06-13,"[web3,blockchain]"
44,magic affiliates by is the first web affiliate network for block chain related projects get,2022-06-13,web3,23:59:05,2022-06-13,[]
45,condo bit was just minted on opens a take a look and snatch it bit your web identity,2022-06-13,web3,23:59:04,2022-06-13,[]
46,free mint giveaway apulia is not only not but also a key to mysterious world congratulations you are early,2022-06-13,web3,23:59:02,2022-06-13,[]
48,block like web panel on finance live backed by topic web built on user experience time the june,2022-06-13,web3,23:59:01,2022-06-13,"[web3,binance]"
49,crypt twitter today day traders gone shit coin chillers gone eth holders gone team and a,2022-06-13,web3,23:58:57,2022-06-13,"[cryptotwitter,traders,shitcoin,eth,hodlers:]"
50,join bit get demo day with to meet our stellar web builders,2022-06-13,web3,23:58:56,2022-06-13,[web3]
51,today we are dropping bits of our road map discussing elements of our commune get hyped too many bullish things to of,2022-06-13,web3,23:58:56,2022-06-13,[communi3]
52,building a community is hard work but after five years finally has a home the awesome and,2022-06-13,web3,23:58:55,2022-06-13,[]
53,burritos making major web moves,2022-06-13,web3,23:58:53,2022-06-13,[]
54,second takes days code code newbie women code programming data science academic witter a,2022-06-13,web3,23:58:51,2022-06-13,"[100daysofcode,codenewbie,womenwhocode,programming,datascience,academictwitter,m‚Ä¶]"
55,truly an exciting time at the consensus discussions around web healthcare and,2022-06-13,web3,23:58:48,2022-06-13,"[consensus2022,web3,,healthcare]"
56,nigga in the gym with marie harden,2022-06-13,web3,23:58:48,2022-06-13,[]
57,help leon find his dog loki in this fantasy video what is our future utopia or dystopia heaven or hell angels or demo,2022-06-13,web3,23:58:47,2022-06-13,[]
58,this is a good read web not utility,2022-06-13,web3,23:58:46,2022-06-13,"[web3,nft,utility]"
59,these are the market conditions that discourage money motivated projects there is no eth price at which web becomes less i,2022-06-13,web3,23:58:44,2022-06-13,[]
60,click here click here get via ethereal days code not web opens a,2022-06-13,web3,23:58:42,2022-06-13,"[ethereum,100daysofcode,nft,web3,opensea‚Ä¶]"
61,ecosystem update a are funding public and network goods using quadratic fun,2022-06-13,web3,23:58:40,2022-06-13,[]
64,everyone please do me a favor and peep my landing page for am i the first,2022-06-13,web3,23:58:38,2022-06-13,[]
65,clout chaser days code code newbie women code programming data science academic witter machine learning a,2022-06-13,web3,23:58:37,2022-06-13,"[100daysofcode,codenewbie,womenwhocode,programming,datascience,academictwitter,machinelearning,s‚Ä¶]"
66,this dip is going to expose every non sustainable web project,2022-06-13,web3,23:58:37,2022-06-13,[]
71,it is official united kingdom fam you are now able to access this week me and are super exc,2022-06-13,web3,23:58:29,2022-06-13,[unitedkingdom]
72,so we stand our project by gathering people who are passionate about gaming and the web and meta verse universe in order to,2022-06-13,web3,23:58:29,2022-06-13,[]
73,of giveaway for a inverse mutant ape not follow the one amp the only like re tweet this pos,2022-06-13,web3,23:58:29,2022-06-13,"[nftgiveaway,nft]"
75,bit coin last price etc daily indicators variation since hut mac mac line,2022-06-13,web3,23:58:28,2022-06-13,"[bitcoin,btc]"
76,props to the maple team on the communication the professionalism is unmatched in web,2022-06-13,web3,23:58:27,2022-06-13,[]
77,i hacked a sea contract security in web is crazy web hackers make millions who wants to learn this here are we,2022-06-13,web3,23:58:25,2022-06-13,[]
79,interested in learning about web music here are some of the best follows in my network by category lists,2022-06-13,web3,23:58:24,2022-06-13,[]
80,my the monks family and would be hosting al,2022-06-13,web3,23:58:18,2022-06-13,"[thehighmonks,family]"
81,unfortunately there going to be some baddies sitting co side tonight,2022-06-13,web3,23:58:15,2022-06-13,[]
82,this is my app days code code newbie women code programming data science academic witter mac,2022-06-13,web3,23:58:11,2022-06-13,"[100daysofcode,codenewbie,womenwhocode,programming,datascience,academictwitter,mac‚Ä¶]"
85,here is to the creatives here is to the ones that want to work together to build something better and to make magic truly,2022-06-13,web3,23:58:07,2022-06-13,[]
86,psychedelic water is the future hours sale click here psychedelics a,2022-06-13,web3,23:58:06,2022-06-13,"[psychedelics,p‚Ä¶]"
87,i have never seen so few web sweets in my feed could it be that it was always only about crypt speculation,2022-06-13,web3,23:58:05,2022-06-13,[]
88,share your or donation on our discord like and re tweet this post get the or supper discord role for the,2022-06-13,web3,23:58:04,2022-06-13,[]
90,awesome team behind building the future of staking meta verse web eth minting soon,2022-06-13,web3,23:57:57,2022-06-13,"[nftstaking,metaverse,web3,eth,mintingsoon‚Ä¶]"
91,we are not even at the st inning ironically our team had to avoid using google analytic an analytic staple to a,2022-06-13,web3,23:57:54,2022-06-13,[]
92,strongest community in the it web space,2022-06-13,web3,23:57:49,2022-06-13,"[iot,web3]"
93,if you have not achieved financial freedom yet my suggestion is to choose to mine i coin which is still in the early sta,2022-06-13,web3,23:57:45,2022-06-13,[]
94,web game builders applications for ethnic york hack than are closing soon we will be awarding prizes to the best use of,2022-06-13,web3,23:57:44,2022-06-13,"[web3,ethnewyork]"
95,this is going to happen times on june the let us goooooooooooooo project coming june the eth a,2022-06-13,web3,23:57:43,2022-06-13,[]
96,i am the banks of web nita not list of community of community mid journey midcourse,2022-06-13,web3,23:57:43,2022-06-13,"[banksy,web3,nfta,nftaist,nftcommunity,nftcommmunity,midjourneyai,midjourne‚Ä¶]"
97,delete this fag days code code newbie women code programming data science academic witter machine learn,2022-06-13,web3,23:57:37,2022-06-13,"[100daysofcode,codenewbie,womenwhocode,programming,datascience,academictwitter,machinelearn‚Ä¶]"
98,marina abram vic on the eve of her first not web is undoubtedly the future,2022-06-13,web3,23:57:37,2022-06-13,[]
99,we are in this for the long term been here since will not stop until we completely change the face of financial be,2022-06-13,web3,23:57:35,2022-06-13,[]
100,i want to flame web as a space so badly right now but i am trying to somewhat hold my tongue,2022-06-13,web3,23:57:31,2022-06-13,[]
103,embrace the beauty of nature any interaction with this tweet will be considered for free int we free int of giveaways,2022-06-13,web3,23:57:29,2022-06-13,"[freemint,nftgiveaways‚Ä¶]"
105,at leave secure we are offering tel medicine or remote medical care to all communities near our paper hospital sins,2022-06-13,web3,23:57:23,2022-06-13,"[metaversecare,telemedicine]"
106,to make everyone feel better with the current state of things we are going to be giving away to lucky person very a,2022-06-13,web3,23:57:22,2022-06-13,[]
110,hours sale click here click here get via ethereal of collectors,2022-06-13,web3,23:57:19,2022-06-13,"[ethereum,nftcollectors‚Ä¶]"
112,hello fam just a quick reminder for this week events wednesday the put comes try band room,2022-06-13,web3,23:57:12,2022-06-13,[]
115,i know people are managing life less restrictive covid life i hope they do not forgotten the value of clubhouse,2022-06-13,web3,23:57:05,2022-06-13,[]
116,grassroots campaign fundraising via web flows eco friendly nature makes it a perfect fit which is just one of the,2022-06-13,web3,23:57:03,2022-06-13,[]
117,while everyone scared about this massive drop and the team building through out this bloody market,2022-06-13,web3,23:57:03,2022-06-13,[]
119,new bytes mix fully decentralized crypt wallet is about to come to accommodate everyone is needs we will keep everyone pos,2022-06-13,web3,23:57:01,2022-06-13,[]
120,did you know rapper ice cube is planning to use no fungible tokens nuts to rebuild the way music i,2022-06-13,web3,23:57:00,2022-06-13,[nfts)]
121,magic affiliates by is the first web affiliate network for block unrelated projects,2022-06-13,web3,23:56:57,2022-06-13,[affiliate]
123,truly an exciting time at the consensus discussions around web healthcare and block chain it is been great see,2022-06-13,web3,23:56:56,2022-06-13,"[consensus2022,web3,,healthcare,blockchain!]"
124,nicholas replied to pioneer minors need to be kyd deified with the consent of their guardians provided that the guar,2022-06-13,web3,23:56:53,2022-06-13,[]
125,treat ens domains as the bridge that will on board the orgies to nuts and web in general word digits are what everyone,2022-06-13,web3,23:56:51,2022-06-13,[]
126,crypt twitter today day traders gone shit coin chillers gone eth holders gone to,2022-06-13,web3,23:56:49,2022-06-13,"[cryptotwitter,traders,shitcoin,eth,hodlers:]"
127,i just convinced my friend to finally join twitter she is about to do some great things in,2022-06-13,web3,23:56:44,2022-06-13,[]
131,web and web meet in gaming with on near for the june town hall listen to milf unis with,2022-06-13,web3,23:56:38,2022-06-13,[near]
132,at valley to we are building a collective of people who truly care about making synthetic biology syn bio and bio anu,2022-06-13,web3,23:56:34,2022-06-13,[]
133,there are a lot of ways we are building out a web media empire that sends all of our value to urge which is only,2022-06-13,web3,23:56:34,2022-06-13,[]
135,in ownership in web as it was always supposed to be exiles holders are the only ones who can vote on the direct,2022-06-13,web3,23:56:32,2022-06-13,[]
136,i do not care about the floor or eth show me what your building game to show movie commercial deals do not claim,2022-06-13,web3,23:56:32,2022-06-13,[]
137,we are excited to announce an official pane ship with the functional pop nuts minded with yin finance,2022-06-13,web3,23:56:28,2022-06-13,[]
139,hero smith hours sale click here ethereal days code not,2022-06-13,web3,23:56:27,2022-06-13,"[ethereum,100daysofcode,nft‚Ä¶]"
142,to gers on twitter what a milestone thank you get ready for the next steps press event discord road,2022-06-13,web3,23:56:22,2022-06-13,[]
143,set your reminders exclusivity amp parenting in web with met atoms amp queer friends june that pm it,2022-06-13,web3,23:56:18,2022-06-13,[]
144,looking for lead de for web platform not an a not marketplace,2022-06-13,web3,23:56:18,2022-06-13,[]
145,ship visit it is about to get real on june the project coming eth join our discord for access to an awe,2022-06-13,web3,23:56:18,2022-06-13,[]
146,,2022-06-13,web3,23:56:17,2022-06-13,[]
147,this is my app days code code newbie women code programming data science academic witter,2022-06-13,web3,23:56:17,2022-06-13,"[100daysofcode,codenewbie,womenwhocode,programming,datascience,academictwitter,‚Ä¶]"
148,eth is down and some are choosing to see it as the end of crypt and web i see a golden opp unity for a lower cost,2022-06-13,web3,23:56:16,2022-06-13,[]
150,catch the gaming team at the not convention in by gym networking nuts web,2022-06-13,web3,23:56:10,2022-06-13,"[gamium,gmm,networking,nfts,web3]"
152,bit coin last price etc daily indicators variation since hut mac mac lines,2022-06-13,web3,23:56:06,2022-06-13,"[bitcoin,btc]"
153,catch the gaming team at the not convention in by gym networking nuts web,2022-06-13,web3,23:56:05,2022-06-13,"[gamium,gmm,networking,nfts,web3]"
154,i participate in the move plus welcome airdrop join the event with me to get amazing rewards airdrop will end on june,2022-06-13,web3,23:56:01,2022-06-13,[]
155,baku azerbaijan seoul south korea meeting with web business papers markets down time for me to buy which of,2022-06-13,web3,23:56:00,2022-06-13,[nf‚Ä¶]
156,hours sale click here via ethereal of collectors days code,2022-06-13,web3,23:55:59,2022-06-13,"[ethereum,nftcollectors,100daysofcode‚Ä¶]"
157,later this week we will launch our new branding across immutable a amp immutable games studio the refreshed loo,2022-06-13,web3,23:55:57,2022-06-13,[]
158,hi fame is leading as the worlds first decentralized social platform learn more,2022-06-13,web3,23:55:57,2022-06-13,[]
159,there are now more web conferences that actual web use cases,2022-06-13,web3,23:55:57,2022-06-13,[]
160,for a chance at tier we eth follow follow re tweet to,2022-06-13,web3,23:55:55,2022-06-13,[]
161,if you are in the nashville area and want to talk web swing by,2022-06-13,web3,23:55:55,2022-06-13,"[nashville,web3.]"
164,cd worries for anyone deciding to build projects on top of an not collection cd nuts are an encouraging dave,2022-06-13,web3,23:55:49,2022-06-13,[]
165,join bits swap farm stake store earn store join now at pm,2022-06-13,web3,23:55:47,2022-06-13,[bitstoreswap]
166,big gains with a community in a down market web nuts def,2022-06-13,web3,23:55:47,2022-06-13,"[web3,nfts,defi]"
167,what real world problems do you believe block biotechnology web amp nuts are able to solve in the not so distant future,2022-06-13,web3,23:55:46,2022-06-13,"[blockchaintechnology,,web3,,nfts]"
168,web is transforming everything from a to philanthropy and disaster relief but how do we use this technology ethical,2022-06-13,web3,23:55:45,2022-06-13,[]
170,i am leaving web bye,2022-06-13,web3,23:55:42,2022-06-13,[]
176,great congo in here web nuts def studio bony,2022-06-13,web3,23:55:36,2022-06-13,"[web3,nfts,defi,sbudao]"
181,hours sale click here ethereal days code not web opens a,2022-06-13,web3,23:55:31,2022-06-13,"[ethereum,100daysofcode,nft,web3,opensea‚Ä¶]"
182,powering the next generation of web games markets fluctuate gamers play builds,2022-06-13,web3,23:55:31,2022-06-13,[]
184,bit coin last price etc daily indicators variation since hut mac mac line,2022-06-13,web3,23:55:28,2022-06-13,"[bitcoin,btc]"
186,getting the correct information is vitally implant in web nuts def studio bony,2022-06-13,web3,23:55:21,2022-06-13,"[web3,nfts,defi,sbudao]"
187,i participate in the move plus welcome airdrop join the event with me to get amazing rewards airdrop will end on,2022-06-13,web3,23:55:20,2022-06-13,[]
188,bitteetimegolfer eth like holes of golf priced low on purpose to help on board new frees to nuts,2022-06-13,web3,23:55:18,2022-06-13,[nfts‚Ä¶]
190,if you are in the nashville area and want to talk web swing by,2022-06-13,web3,23:55:14,2022-06-13,"[nashville,web3.]"
191,pm i wrote a response to aisle that attempted to call out no fungible tokenism in web who is benefit,2022-06-13,web3,23:55:13,2022-06-13,[]
192,the best time to build in web due to high demand mob a the flagship program supposing true innovation on bob chain is,2022-06-13,web3,23:55:13,2022-06-13,[]
196,wait what web already web web bittorrent etc,2022-06-13,web3,23:55:03,2022-06-13,"[web5,web3,bittorrent,btc]"
198,feast your eyes on pollux secured by bit coin calls it web web is fine too we are building an experience that,2022-06-13,web3,23:55:00,2022-06-13,"[rollux,,web5.,web3]"
201,web domain up for grabs web domains go daddy meta web nuts conference,2022-06-13,web3,23:54:56,2022-06-13,"[web5,domains,godaddy,meta,web3,nfts,confrence]"
202,seal is excited to announce that underground physics group is using seals revolutionary web cloud storage a,2022-06-13,web3,23:54:56,2022-06-13,[web3]
203,if you found this useful consider retreating and check in with me at for more at the intersection of,2022-06-13,web3,23:54:54,2022-06-13,[]
204,i hope this list serves you on your web music journey i would be remiss if i did not give a hat tip he,2022-06-13,web3,23:54:53,2022-06-13,[]
205,bitteetimegolfer eth like holes of golf priced low on purpose to help on board new collectors to,2022-06-13,web3,23:54:52,2022-06-13,[]
206,black women in tech come be celebrated and network with african women at home and in the diaspora this saturday,2022-06-13,web3,23:54:52,2022-06-13,[]
207,fuck web it web today,2022-06-13,web3,23:54:52,2022-06-13,[]
210,web is here music is evolving follow,2022-06-13,web3,23:54:49,2022-06-13,[]
211,web does not need crypt ethereal is proof,2022-06-13,web3,23:54:48,2022-06-13,[]
212,if you are wondering about who to follow to learn more about web this is a list,2022-06-13,web3,23:54:48,2022-06-13,[]
213,thank you for a grid craft is a true web digital experience web based mini games to earn bits stake to earn,2022-06-13,web3,23:54:47,2022-06-13,[]
215,thinking about ways to create more value for the web community excites me thinking about the current world economy,2022-06-13,web3,23:54:45,2022-06-13,[]
216,we are bringing an immersive gaming experience in times of hardship a new journey begins follow us amp tag a fri,2022-06-13,web3,23:54:44,2022-06-13,[]
217,interested in learning about web music here are some of the best follows in my network by category lists,2022-06-13,web3,23:54:40,2022-06-13,[]
218,whale ale geld transferred from unknown wallet to geld transferred from unknown,2022-06-13,web3,23:54:39,2022-06-13,[]
220,music nuts will similarly change how fans interact with music and how music integrates into our lives,2022-06-13,web3,23:54:37,2022-06-13,[]
221,the worst a is the wasted productivity of big chunk of talent pool that could have actually been by,2022-06-13,web3,23:54:33,2022-06-13,[]
222,we are packed and ready excited to connect and celebrate latinos in web,2022-06-13,web3,23:54:32,2022-06-13,[]
223,nothing bad than seeing a discounted price for the best security and privacy of your keys do get it and do not you,2022-06-13,web3,23:54:31,2022-06-13,[]
224,we giveaway matching amp playing with your authentic web identities defined by lifestyle we are giving away a lying,2022-06-13,web3,23:54:26,2022-06-13,[]
225,thank you for your supp of blend quests some are thrilled to host confounder on our to a,2022-06-13,web3,23:54:21,2022-06-13,[]
226,mastercard stated that it has papered with multiple not marketplaces namely immutable a candy digital the sandbox a,2022-06-13,web3,23:54:21,2022-06-13,[]
228,yes all my portfolio i believe in etc and all the projects i am vested in web is next,2022-06-13,web3,23:54:13,2022-06-13,"[btc,web3]"
229,hoodoo is building the most implant community worldwide at the intersection of a amp,2022-06-13,web3,23:54:13,2022-06-13,[]
233,hi guys on creators will be able to earn money with there fans read here,2022-06-13,web3,23:54:06,2022-06-13,[]
235,de gens running this market so i guess this de gen bomb will run this hunt from not from hunt nita web,2022-06-13,web3,23:54:00,2022-06-13,"[fbombnft,fbombhunt,nfta,web3‚Ä¶]"
237,it is official united kingdom fam you are now able to access this week me and are,2022-06-13,web3,23:53:58,2022-06-13,[unitedkingdom]
238,come hang out nuts web block chain,2022-06-13,web3,23:53:58,2022-06-13,"[nfts,web3,blockchain]"
240,hey everyone tomorrow tuesday june that pm post i am being interviewed by the podcast discussion,2022-06-13,web3,23:53:54,2022-06-13,[]
241,months doing a listening campaign knocking doors taking feedback and building a people centric plate,2022-06-13,web3,23:53:51,2022-06-13,[]
242,excited to be a guest on this community initiative learn more about our plans to grow def culture and,2022-06-13,web3,23:53:50,2022-06-13,[defi]
243,will not lie having to self fund a web platform while companies with hundreds of millions of dollars lie to me about be,2022-06-13,web3,23:53:47,2022-06-13,[]
246,take a look days code women hood,2022-06-13,web3,23:53:45,2022-06-13,"[100daysofcode,womenwhocod‚Ä¶]"
248,shout to jack passive income for doing a review video on head over and take a look to what is going on a,2022-06-13,web3,23:53:35,2022-06-13,[]
249,thanks to all who pulled up today for a talk about using our skills in web it was very informative and empowering shout of,2022-06-13,web3,23:53:34,2022-06-13,[]
252,for anyone that needs to hear this web is not dead crypt winter is the perfect time to stay busy and build experiment a,2022-06-13,web3,23:53:31,2022-06-13,[]
253,some say tom chain is a hidden gem but it is constantly glowing amp attracting new builders amp users even in the dark days,2022-06-13,web3,23:53:30,2022-06-13,[tomochain]
254,trending do coin you can check the details and be the owner of or leave user let us build,2022-06-13,web3,23:53:30,2022-06-13,"[7,buidl‚Ä¶]"
255,chi liz chain will be the protocol foundation of a web development ecosystem stakeholders from the spot amp enter,2022-06-13,web3,23:53:28,2022-06-13,[]
256,bitteetimegolfer eth like holes of golf priced low on purpose to help on board new collectors to,2022-06-13,web3,23:53:27,2022-06-13,[]
257,robe downed or not of drop nita web meta verse opens a not list,2022-06-13,web3,23:53:24,2022-06-13,"[nft,nftdrop,nfta,web3,metaverse,opensea,nftaist‚Ä¶]"
260,followers fam you are next to all my nuts crypt frees help me reach that goal log wag i gothic even,2022-06-13,web3,23:53:19,2022-06-13,"[nfts,crypto,lfg,wagmi,gothicdegen‚Ä¶]"
261,people going crazy with web web and web show they do not understand what real web was supposed to be about do not i,2022-06-13,web3,23:53:16,2022-06-13,[]
262,we do not focus on traders only those leading growth at web projects we believe growth and,2022-06-13,web3,23:53:15,2022-06-13,[]
264,web is almost certainly going to make me lose my family amp home but that is honestly for as long as i have my hobo,2022-06-13,web3,23:53:13,2022-06-13,[hobol‚Ä¶]
265,breaking and create webs biggest digital fashion collection not nuts not immune,2022-06-13,web3,23:53:09,2022-06-13,"[nft,nfts,nftcommuni‚Ä¶]"
266,ùòøùôûùô®ùôòùô§ùô™ùô£ùô©ùôöùôô ùô§ùô•ùô•ùô§ùôßùô©ùô™ùô£ùôûùô©ùôûùôöùô® of of of of a of a of get of of brand on generic new domains ads domains stamp discount,2022-06-13,web3,23:53:09,2022-06-13,"[generic,oneworddomains,ads,domains,staup,discounte‚Ä¶]"
267,only of companies are a achievers thoughts stamp machine learning data science python programming cloud a,2022-06-13,web3,23:53:09,2022-06-13,"[ai,staup,machinelearning,datascience,python,programming,cloud,ai,‚Ä¶]"
268,move plus welcome airdrop rewards map tokens for winners random winners peach top,2022-06-13,web3,23:53:09,2022-06-13,[]
269,elastic so web in call it web web whatever you like decentralized web nodes own layer is necessary to a,2022-06-13,web3,23:53:06,2022-06-13,"[elastos,smaweb,web3,,web5,]"
270,was just minted on opens a take a look and snatch it bit your web identity,2022-06-13,web3,23:53:05,2022-06-13,[]
271,join us for emir trivia of topic shows why win bush amp bragging rights when tomorrow night pm est we,2022-06-13,web3,23:53:04,2022-06-13,[embr]
273,get out or phones riddles begun are you a saint or a sinner webs a fight than we shall die with our he on a,2022-06-13,web3,23:52:49,2022-06-13,[]
274,are you hiring in web or looking for a job i am still here let us connect and supp each other this is my weekly job,2022-06-13,web3,23:52:47,2022-06-13,[]
275,this is crazy this is what web is about baby,2022-06-13,web3,23:52:45,2022-06-13,[]
277,in alone we have seen various web trends nuts game i meta verse etc pop into our conversations def is vol,2022-06-13,web3,23:52:44,2022-06-13,[web3]
278,are minting for eth of community not list nita eth there not,2022-06-13,web3,23:52:43,2022-06-13,"[nftcommunity,nftaist,nfta,eth,ethereumnft‚Ä¶]"
279,connected by the block chain liberated by web these buddies have explored the deepest pas of the web what is next,2022-06-13,web3,23:52:43,2022-06-13,[]
280,the user interface design choices and ease of use make the second to none if you are a project want,2022-06-13,web3,23:52:40,2022-06-13,[]
281,where the culture is the product community is the value hot,2022-06-13,web3,23:52:38,2022-06-13,[]
282,for anyone who is still hanging around crypt twitter during this bloodbath drop your handle below so others can find,2022-06-13,web3,23:52:38,2022-06-13,[crypto]
284,do has been listed on coin up do is bringing dual utility to web combining do and meta verse through a self sustaining,2022-06-13,web3,23:52:34,2022-06-13,[]
287,bit coin last price etc daily indicators variation since hut mac mac line,2022-06-13,web3,23:52:27,2022-06-13,"[bitcoin,btc]"
290,this is literally the future not nuts web crypt gaming def ajax eth ftp csc,2022-06-13,web3,23:52:24,2022-06-13,"[nft,nfts,web3,crypto,gaming,defi,avax,eth,ftm,bsc]"
291,melody airdrop claim form for all airdrop participants claim your prize now airdrop give,2022-06-13,web3,23:52:24,2022-06-13,"[airdrops,give‚Ä¶]"
293,are you looking for a project with serious leaders who are focused on results come grow with wallet not,2022-06-13,web3,23:52:20,2022-06-13,[]
294,indeed been buying like a savage card no and some other very promising a web projects are,2022-06-13,web3,23:52:20,2022-06-13,[]
295,creatives of all color web trapping june pm til pm music not workshop come learn the latest the,2022-06-13,web3,23:52:18,2022-06-13,[]
296,i feel like my wife would be an amazing pm she was an girl community manager for a co working space of,2022-06-13,web3,23:52:15,2022-06-13,[]
298,very simple web crypt def nuts,2022-06-13,web3,23:52:07,2022-06-13,[]
299,blessed with the fit there is not a lot of fashion heads in web we got to spread the awareness ourselves,2022-06-13,web3,23:52:01,2022-06-13,[]
300,hi would love to talk to you about two funds emerging managers in web and a first,2022-06-13,web3,23:51:57,2022-06-13,[]
301,a audi free mint giveaway a free int for a audi rules follow amp amp tag frees meet,2022-06-13,web3,23:51:55,2022-06-13,[freemint]
302,do decentralized autonomous organization is the natural order of human coordination which allows for network,2022-06-13,web3,23:51:54,2022-06-13,"[dao,network‚Ä¶]"
303,bomb hunt vol hunting season join now four day scavenger hunt across web bombs tons of great prizes big,2022-06-13,web3,23:51:46,2022-06-13,[]
305,de gens running this market so i guess this de gen bomb will run this hunt from not from hunt,2022-06-13,web3,23:51:42,2022-06-13,"[fbombnft,fbombhunt‚Ä¶]"
306,hi every crypt amp spot lover we are here the first so amp sleep health program in the world of web make our,2022-06-13,web3,23:51:40,2022-06-13,[web3]
309,building a community is hard work but after five years finally has a home the awes,2022-06-13,web3,23:51:36,2022-06-13,[]
310,that is a great opp unity we will steadily carry out our plan web met samurai block block gang,2022-06-13,web3,23:51:34,2022-06-13,"[web3,metasamurai,1block,1blockgang]"
311,sign up for early access now launch coming soon where to sign up website join our telegram,2022-06-13,web3,23:51:34,2022-06-13,[]
312,exactly there are web search engines like providing similar incentives for usage the,2022-06-13,web3,23:51:31,2022-06-13,[]
314,the right tool at your fingers of dynamic not vesting futility not do def or,2022-06-13,web3,23:51:30,2022-06-13,"[nftdynamic,nftvesting,nftutility,nft,sdo,defi,cr‚Ä¶]"
315,payments in meta verse innovation stamp machine learning data science python programming cloud a,2022-06-13,web3,23:51:20,2022-06-13,"[metaverse,innovation,staup,machinelearning,datascience,python,programming,cloud,ai‚Ä¶]"
316,it is like a mixed bag of all of it discord for allowing people to send spam links in dos some of the,2022-06-13,web3,23:51:19,2022-06-13,[]
317,me web is web,2022-06-13,web3,23:51:18,2022-06-13,[]
318,of baby boy we will find you a home over days too has been in his kennel waiting for that miracle to happen,2022-06-13,web3,23:51:17,2022-06-13,"[home,days,kennel,miracle]"
319,reasons investment genesis drop from one of the biggest web company so will continue,2022-06-13,web3,23:51:15,2022-06-13,[]
320,just to make it clear nobody knows what the are talking about this market is all over the place crypt crash web a,2022-06-13,web3,23:51:15,2022-06-13,"[cryptocrash,web5,w‚Ä¶]"
321,payments in meta verse innovation stamp machine learning data science python programming,2022-06-13,web3,23:51:14,2022-06-13,"[metaverse,innovation,staup,machinelearning,datascience,python,programming‚Ä¶]"
324,it is stuff like this that i,2022-06-13,web3,23:51:10,2022-06-13,[]
326,gallery preview on display in gallery room link in bio join our collective today not,2022-06-13,web3,23:51:08,2022-06-13,[nft‚Ä¶]
328,keep up with crypt with crypt show cut through the fluff and noise get your crypt news in concise key bull,2022-06-13,web3,23:51:05,2022-06-13,[cryptoshos]
329,that is for bit coin we move on with sep the native coin of block chain no matter,2022-06-13,web3,23:51:01,2022-06-13,"[bitcoin,,blockchain]"
331,kava ii is a decentralized video platform built using web technologies that will change how you create share use and cons,2022-06-13,web3,23:50:58,2022-06-13,[]
332,do asian first social do using social capital to build a web ecosystem,2022-06-13,web3,23:50:57,2022-06-13,[]
333,trying to get laid in web and i am the simp,2022-06-13,web3,23:50:53,2022-06-13,[]
335,ambitious leader focused on education outreach and advocacy collaborative and hardworking program management an,2022-06-13,web3,23:50:48,2022-06-13,[]
336,imitation cheese days code code newbie women code programming data science academic witter machine learn,2022-06-13,web3,23:50:48,2022-06-13,"[100daysofcode,codenewbie,womenwhocode,programming,datascience,academictwitter,machinelearn‚Ä¶]"
338,digital services come at its best when it is cha industry dot earn web meta verse nuts,2022-06-13,web3,23:50:39,2022-06-13,"[dotoearn,web3,metaverse,nfts]"
339,get a taste of the deepest lore in all of web,2022-06-13,web3,23:50:33,2022-06-13,[]
340,huge compliment from to all builders developers continuously encrypting this decentralized future of web inn,2022-06-13,web3,23:50:31,2022-06-13,"[decentralized,web3.0]"
343,we want to reward you for purchasing a team in our league are you ready to buy a team and become a pro spot team own,2022-06-13,web3,23:50:26,2022-06-13,[]
344,even in web apr from nuts what do we really own opens a so sea and social media platforms are all web,2022-06-13,web3,23:50:25,2022-06-13,[]
346,keep in mind that this is still the first queer of the game for web and def the winners will be the prove,2022-06-13,web3,23:50:24,2022-06-13,[]
347,pulled the trigger on wizard magnum iran of the sands a few minutes ago the wizards were trading,2022-06-13,web3,23:50:19,2022-06-13,[]
348,tutorial how to buy nov in few and simple steps on the mon website please follow the,2022-06-13,web3,23:50:16,2022-06-13,[]
349,what does quadriga spider an and aspect prev have in common find out in our latest zelda friends paddy,2022-06-13,web3,23:50:16,2022-06-13,[]
353,join us this wed to hear from web projects with a focus on equity and humanity we will be speaking to,2022-06-13,web3,23:50:13,2022-06-13,[]
354,i just made you a celebrity days code code newbie women code programming data science,2022-06-13,web3,23:50:10,2022-06-13,"[100daysofcode,codenewbie,womenwhocode,programming,datascienc‚Ä¶]"
357,solano ventures launches million fund focused on web projects in south korea,2022-06-13,web3,23:50:03,2022-06-13,[]
361,just like in the construction of a home you sta it from the bottom amp build up of community of project web,2022-06-13,web3,23:49:48,2022-06-13,"[nftcommunity,nftproject,web3]"
364,the each has been broken we are here to rebuilt it in the web with you or chi guru offers we spots to,2022-06-13,web3,23:49:44,2022-06-13,[]
367,what is the next big funnest web game,2022-06-13,web3,23:49:40,2022-06-13,[]
368,most of these so called web companies have absolutely terrible money management,2022-06-13,web3,23:49:39,2022-06-13,[]
370,sea move derek we do not blame you this is the reason we are papers with volt hence,2022-06-13,web3,23:49:37,2022-06-13,[]
371,health blocks enables you to take control of your health data and earn rewards read more in this aisle,2022-06-13,web3,23:49:36,2022-06-13,[healthblocks]
372,as bit basel is currently gathering more information on the struggle of not lists amp traders feel free to fill out our a,2022-06-13,web3,23:49:35,2022-06-13,[]
375,bit coin last price etc daily indicators variation since hut mac mac line,2022-06-13,web3,23:49:27,2022-06-13,"[bitcoin,btc]"
376,says the fag troll days code code newbie women code programme,2022-06-13,web3,23:49:26,2022-06-13,"[100daysofcode,codenewbie,womenwhocode,programmi‚Ä¶]"
381,discover the unseen only at gazette kick sta your content creation journey with us and get to be seen now it is your,2022-06-13,web3,23:49:14,2022-06-13,[gazetv]
383,have been listed on as upcoming projects pit bullets is an unique not collection,2022-06-13,web3,23:49:04,2022-06-13,[pitbullers]
384,black slave trade never ended they brought it to web,2022-06-13,web3,23:49:03,2022-06-13,[]
385,how are financial services firms participating in web and the meta verse today how do crypt currencies connect a,2022-06-13,web3,23:49:03,2022-06-13,"[web3,metaverse]"
387,i participate in the move plus welcome airdrop join the event with me to get amazing rewards airdrop will end on,2022-06-13,web3,23:49:00,2022-06-13,[]
389,is now available on pit bullets is an unique not collection with over auto,2022-06-13,web3,23:48:51,2022-06-13,"[pitbullers,nft]"
391,yes its a bear market if you are looking for a good solid project we are builders and we love what we do come to,2022-06-13,web3,23:48:49,2022-06-13,[]
394,thank you brother would you say that is a discord problem a problem with other web services or just good old bad actors,2022-06-13,web3,23:48:47,2022-06-13,[]
395,lots of new web jobs posted in our discord this market is the best time to learn and build if you can work in web,2022-06-13,web3,23:48:41,2022-06-13,[]
397,next up on accelerate is sea social web wallet built for humans not expos tune in this wed,2022-06-13,web3,23:48:36,2022-06-13,"[accelerari,web3]"
398,web will fulfill the original promise of a truly democratized internet through this development kit users can,2022-06-13,web3,23:48:35,2022-06-13,[web5]
399,join us for our first proper crypt meetup at blacks register below to attend the event on tuesday the june between,2022-06-13,web3,23:48:35,2022-06-13,[]
400,i participate in the move plus welcome airdrop join the event with me to get amazing rewards airdrop will end on,2022-06-13,web3,23:48:34,2022-06-13,[]
402,as bit basel is currently gathering more information on the struggle of not lists amp traders feel free to fill out,2022-06-13,web3,23:48:33,2022-06-13,[]
403,web is coming you can tip make money from others or your al and not of earn a few percent of fees earn,2022-06-13,web3,23:48:31,2022-06-13,[]
405,is a web lifestyle application by walking and running with reward based move learn me protocol on,2022-06-13,web3,23:48:29,2022-06-13,"[web3,m2e]"
407,we have launched a new woo commerce crypt payments plugin for word press so all those shopping as can now accept crypt,2022-06-13,web3,23:48:28,2022-06-13,[]
408,hey fam i would apr estate if you all check out may page i got a title ashur,2022-06-13,web3,23:48:27,2022-06-13,[]
409,not now i am buying sep the native coin of block chain from and the,2022-06-13,web3,23:48:27,2022-06-13,[blockchain]
412,super cool special or effects in the meta verse avatar verse web cigar or animation a gaming a,2022-06-13,web3,23:48:24,2022-06-13,"[xr,metaverse,avataverse,web3,cgi,ar,vr,animation,ai,gaming,3d‚Ä¶]"
413,we are working on a big not project stay in touch with us so you will not miss this amazing project follow our feb page,2022-06-13,web3,23:48:23,2022-06-13,[]
414,players are you ready owners are you ready we want you check up basketball association we are coming to you live and,2022-06-13,web3,23:48:22,2022-06-13,[]
416,can i get an aye from my web fam,2022-06-13,web3,23:48:21,2022-06-13,[]
417,from web to the world we present the weirdo world tour first stop los angeles thank you to,2022-06-13,web3,23:48:20,2022-06-13,[]
418,we spend hours and hours in the digital space on the web and social media etc and we do not really own any of it you,2022-06-13,web3,23:48:19,2022-06-13,[]
419,thank you consensus it was fun great panel on web with from,2022-06-13,web3,23:48:19,2022-06-13,"[consensus,web3.]"
420,is the meta verse really a young peoples game what do you think gaming web avatar verse,2022-06-13,web3,23:48:16,2022-06-13,"[metaverse,game?,gaming,web3,avataverse]"
421,so proud to see the evolution of step to date and have no doubt that step will become the premiere web pool the,2022-06-13,web3,23:48:16,2022-06-13,[]
423,women in the crypt web space add so much value and perspective that it is imperative to have the supp of these incr,2022-06-13,web3,23:48:15,2022-06-13,[]
424,up drop pip till now etc meta verse crypt currency web not airdrop mount,2022-06-13,web3,23:48:14,2022-06-13,"[sp500,btc,metaverse,cryptocurrency,web3,nft,airdrop,mhunt]"
427,snow crash author neal stephenson is building a free meta verse called lamina web cyberpunk,2022-06-13,web3,23:48:09,2022-06-13,"[snowcrash‚Äô,metaverse‚Äô,web3,cyberpunk,‚Ä¶]"
429,just to make it clear nobody knows what the are talking about this market is all over the place,2022-06-13,web3,23:48:08,2022-06-13,[]
431,welcome to the avatar verse a cool piece of meta verse we are coming soon online web not fashion a or,2022-06-13,web3,23:48:05,2022-06-13,"[avataverse!,metaverse!,web3,nft,fashion,ar,vr‚Ä¶]"
433,by more than of all online activity will migrate to web here is what is happening and how you can be ready,2022-06-13,web3,23:48:03,2022-06-13,[]
436,markets are not looking great but these are the best times to find projects that will continue building during a,2022-06-13,web3,23:47:50,2022-06-13,[buidl]
437,what is coming for losers people constantly talk about web and web but in reality there is only one world loser,2022-06-13,web3,23:47:49,2022-06-13,[]
438,a portfolio company of the hive the hive lac is hiring a cove and a up of sales,2022-06-13,web3,23:47:49,2022-06-13,[]
439,which women should i follow in web,2022-06-13,web3,23:47:48,2022-06-13,[]
440,after months of event planning secret conversations and road map development our one world initiative will be reveal,2022-06-13,web3,23:47:45,2022-06-13,[]
441,project coming voodoo on june the eth join our discord for access to an awesome community and tons of resources a,2022-06-13,web3,23:47:42,2022-06-13,[]
444,get meta verse is proud to have professional gamer jerome acetic as an investor amp advisor to bring his vast experience of,2022-06-13,web3,23:47:27,2022-06-13,[]
445,web is transforming the music industry and gala is leading the way here is what some of our favourite peeps at gala,2022-06-13,web3,23:47:26,2022-06-13,[galav‚Ä¶]
449,meet worlds only crypt social media platform that always rewards users no matter the market web,2022-06-13,web3,23:47:15,2022-06-13,"[crypto,socialmedia,web‚Ä¶]"
451,psychedelic water is the future hours sale click here,2022-06-13,web3,23:47:10,2022-06-13,[]
454,treat ens domains as the bridge that will on board the orgies to nuts and web in general word digits are what eve,2022-06-13,web3,23:47:00,2022-06-13,[]
457,learn web we stand teaching web hacking in the senior track if you are interested in fundamentals here is the,2022-06-13,web3,23:46:59,2022-06-13,[]
462,ethereal will no longer have a chance in the next bull market i will become the new beacon of crypt currency and i,2022-06-13,web3,23:46:43,2022-06-13,[]
463,awesome am today with the co founders and take a listen at to lea,2022-06-13,web3,23:46:42,2022-06-13,[]
465,ether naut tutorials ether naut is hard if you get stuck there are ether naut guides you can use even i had to,2022-06-13,web3,23:46:40,2022-06-13,[]
466,enjoyed meeting at team with from let us build web together,2022-06-13,web3,23:46:40,2022-06-13,[web3]
467,hello peeps a hand crafted not collection by matt jones coming soon nita united,2022-06-13,web3,23:46:39,2022-06-13,"[nfta,united‚Ä¶]"
469,crypt is over web is over time to get a real job like an analyst on the credit risk desk at a convertible orbit,2022-06-13,web3,23:46:38,2022-06-13,[]
471,ether naut i used ether naut when i first stand this resource gives you hands on practice with web hacking it,2022-06-13,web3,23:46:32,2022-06-13,[]
473,i am officially looking for a new role i am a javascript developer building on web i am looking for a developer advocate,2022-06-13,web3,23:46:31,2022-06-13,[]
475,what is the meta verse and the future of it a web avatar verse,2022-06-13,web3,23:46:30,2022-06-13,"[metaverse,,future,web3,avataverse]"
476,felt pretty might delete later inflow pixels web be,2022-06-13,web3,23:46:30,2022-06-13,"[onflow,pixela,web3,p2e]"
477,bit coin last price etc daily indicators variation since hut mac mac line,2022-06-13,web3,23:46:27,2022-06-13,"[bitcoin,btc]"
478,web marketing frees who will be in amsterdam next week let us meet up,2022-06-13,web3,23:46:27,2022-06-13,[]
480,i am growing fast in the meta verse in powerful circles this is a whirlwind and has been baking like a cake for a,2022-06-13,web3,23:46:24,2022-06-13,[]
481,finally i could not make it without my web friends specially shimmy gang communicate real shout out to,2022-06-13,web3,23:46:24,2022-06-13,[shimmygang]
483,for anyone who is still hanging around crypt twitter during this bloodbath drop your handle below so others can of,2022-06-13,web3,23:46:19,2022-06-13,[crypto]
485,thanks see you there i would love to talk about why web,2022-06-13,web3,23:46:16,2022-06-13,[]
486,not me i will stay on with sep by block chain i see a better run soon the goal,2022-06-13,web3,23:46:15,2022-06-13,"[blockchain,]"
488,also speaking at this weeks is we coo who will be contributing to a panel on the opp unities or,2022-06-13,web3,23:46:12,2022-06-13,[weyu]
489,not giveaway pm we are giving away a pixel pirates not to enter all you have to do is follow i,2022-06-13,web3,23:46:11,2022-06-13,[]
490,its just the beginning of the web takeover forum is one of the most notable on,2022-06-13,web3,23:46:04,2022-06-13,[web3]
491,words cannot describe how grateful i am right now i still cannot believe that this is mine thank you thank you thank you a,2022-06-13,web3,23:46:04,2022-06-13,[]
492,mastercard wants to make it easier to buy nuts,2022-06-13,web3,23:46:02,2022-06-13,[]
494,the in story was told to public figures just so they would buy our apes at eth reality is we own fun,2022-06-13,web3,23:46:01,2022-06-13,[]
495,currently social has looked on this problem and sold out long lasting solutions which includes giving users,2022-06-13,web3,23:46:01,2022-06-13,[solcial]
496,indeed this could have spurred the decentralized web revolution everyone wanted a self hosted help server running on,2022-06-13,web3,23:46:01,2022-06-13,[]
497,proud to be a big accomplishment for me in we thanks to the apple i have lifetime bonds a still waiting on,2022-06-13,web3,23:46:00,2022-06-13,[]
502,hard not to be impressed by the leading edge of crypt web ice,2022-06-13,web3,23:45:58,2022-06-13,"[crypto.,web3,icp]"
503,hi per we remember you and miss you you should make a come back by entering web alien frees might help you do it,2022-06-13,web3,23:45:57,2022-06-13,[]
504,get a taste of the deepest lore in all of web,2022-06-13,web3,23:45:57,2022-06-13,[]
512,pm world hope you all have a shiny lovely day let me share you this women of the sun the drum major girl,2022-06-13,web3,23:45:42,2022-06-13,[]
513,join in and get your world leader nuts each not has a special power against the other earn coins of,2022-06-13,web3,23:45:42,2022-06-13,[nfts.]
514,dos and fonts of web stamp grind global initialized brett gibson and alliance days founder iran khan to,2022-06-13,web3,23:45:41,2022-06-13,[web3]
515,are you freaking kidding me i got to and a follow from in the same day this has truly been the,2022-06-13,web3,23:45:37,2022-06-13,[]
516,like and share bit coin markets crashing celsius crypt to blame here is why crisis explained,2022-06-13,web3,23:45:33,2022-06-13,[]
517,you are a buy lgth python rob lox it idiot azure porch python stats botnet cup java its ada cha,2022-06-13,web3,23:45:31,2022-06-13,"[lgbtq,python,roblox,iot,iiot,azure,pytorch,cython,rstats,dotnet,cpp,java,btsv,ada,csha‚Ä¶]"
520,join our so and for a twitter space this thursday june pm est etc set a reminder,2022-06-13,web3,23:45:27,2022-06-13,[]
523,discover web on smoothie awards,2022-06-13,web3,23:45:19,2022-06-13,[smoothieawards]
525,marina abram vic on the eve of her first not web is undoubtedly the future via,2022-06-13,web3,23:45:06,2022-06-13,[]
526,throwback thursday and python it idiot porch eth javascript reacts word press security def days code,2022-06-13,web3,23:45:05,2022-06-13,"[ad,python,iot,iiot,pytorch,eth,javascript,reactjs,wordpress,security,defi,100daysofcode‚Ä¶]"
528,lac ste makes its way into the web ecosystem with undo,2022-06-13,web3,23:45:02,2022-06-13,[]
529,if the reason to buy into a web project is driven by extrinsic motivators in pure you are name but if there are,2022-06-13,web3,23:45:02,2022-06-13,[web3]
531,can safely be traded on coin profit web meta verse business debt,2022-06-13,web3,23:44:58,2022-06-13,"[gmcoin,probit,web3,metaverse,business5,debu]"
533,ùó°ùóôùóßùó≤ùóøùòÄ has announced free not domains for all customers find out how of community of news not,2022-06-13,web3,23:44:56,2022-06-13,"[nft,nftcommunity,nftnews,nft‚Ä¶]"
534,pm outstation in web he in web,2022-06-13,web3,23:44:55,2022-06-13,[]
537,wow consensus we had a fabulous time the bear market will not bring us down we know one thing,2022-06-13,web3,23:44:54,2022-06-13,[consensus2022.]
541,let us go again python it idiot porch not javascript reacts word press security def fronted web build,2022-06-13,web3,23:44:50,2022-06-13,"[python,iot,iiot,pytorch,nft,javascript,reactjs,wordpress,security,defi,frontend,web3,build‚Ä¶]"
543,big ballet days code code newbie women code programming data science,2022-06-13,web3,23:44:46,2022-06-13,"[100daysofcode,codenewbie,womenwhocode,programming,datascience‚Ä¶]"
545,good night it let us build web together,2022-06-13,web3,23:44:41,2022-06-13,[]
546,ùôèùô¨ùôûùô©ùô©ùôöùôßùôéùôòùôñùô£ a of ùòºùô£ùôñùô°ùôÆùô©ùôûùôò of of how not whales tracking not followers checking,2022-06-13,web3,23:44:39,2022-06-13,[]
547,web gaming state of the union by,2022-06-13,web3,23:44:39,2022-06-13,[]
548,aria nee platform is actively solving real life problems do you know with platform you can actually be in,2022-06-13,web3,23:44:39,2022-06-13,[]
549,we have joined forces with to bring you our very own web task journey complete our tasks to contribute to,2022-06-13,web3,23:44:34,2022-06-13,[]
550,always somewhere in the world it is a beauty of web,2022-06-13,web3,23:44:31,2022-06-13,[]
552,we are legend warsaw i just received my gold is look this beauty thank you so much go legend,2022-06-13,web3,23:44:24,2022-06-13,[golegend‚Ä¶]
553,have you checked out our swag shop yet upgrade your looks with our new web march visit here,2022-06-13,web3,23:44:23,2022-06-13,[]
556,ùòøùôûùô®ùôòùô§ùô™ùô£ùô©ùôöùôô ùô§ùô•ùô•ùô§ùôßùô©ùô™ùô£ùôûùô©ùôûùôöùô® of of of of a of a of get of of brand on generic new domains ads domains stamp,2022-06-13,web3,23:44:22,2022-06-13,"[generic,oneworddomains,ads,domains,staup‚Ä¶]"
559,amethyst wars we are making a big bet on the future of web gaming who is with us,2022-06-13,web3,23:44:15,2022-06-13,[]
561,web is breaking a combination by blocks hill,2022-06-13,web3,23:44:11,2022-06-13,"[web3,blocks]"
564,humble a is going live june the pm cd swap pool and earn on your favourite crypt and get ready for our yield a,2022-06-13,web3,23:44:07,2022-06-13,[crypto]
565,we have stand and our whole web journey as a bunch of friends gaming together with no more than our laptops,2022-06-13,web3,23:44:07,2022-06-13,[web3]
566,the genetic values of i include block chain public chain universality green fairness zero threshold ecology kyd i,2022-06-13,web3,23:44:03,2022-06-13,[]
567,hi i am an list looking for an entry level web job i would be a great discord mod,2022-06-13,web3,23:44:02,2022-06-13,[]
568,have the freedom to cruise on web with social this is a permission less social network and its also known as the,2022-06-13,web3,23:44:01,2022-06-13,[solcial.]
569,here is a great clip of explaining not amp meta verse biggest problem web a,2022-06-13,web3,23:43:57,2022-06-13,"[nft,metaverse,web3]"
571,health blocks enables you to take control of your health data and earn rewards read more in this aisle,2022-06-13,web3,23:43:51,2022-06-13,[healthblocks]
572,great space hopefully you can she would some light on web for people that are not already involved but you,2022-06-13,web3,23:43:51,2022-06-13,[]
575,if you have had an experience on current social networks which was not appealing to you now is the time to be a,2022-06-13,web3,23:43:46,2022-06-13,[]
576,let us not disappoint days code code newbie women code programming data science academic witter machine lea,2022-06-13,web3,23:43:45,2022-06-13,"[100daysofcode,codenewbie,womenwhocode,programming,datascience,academictwitter,machinelea‚Ä¶]"
577,so network leverages to build a highly secure and scalable public block chain apps can deploy on so chain,2022-06-13,web3,23:43:44,2022-06-13,[]
579,the web markets collapse over the last few weeks means marketing efficiency will be a competitive advantage and,2022-06-13,web3,23:43:42,2022-06-13,[]
581,pm pm pm extremely excited for the coming week a,2022-06-13,web3,23:43:38,2022-06-13,[ap‚Ä¶]
585,dos and fonts of web stamp grind global initialized brett gibson and alliance days founder iran,2022-06-13,web3,23:43:37,2022-06-13,[web3]
586,quadrant ids will launch a collection of city passes nuts each representing the quadrant ids world each pass represents to,2022-06-13,web3,23:43:32,2022-06-13,[]
589,bit coin last price etc daily indicators variation since hut mac mac line,2022-06-13,web3,23:43:27,2022-06-13,"[bitcoin,btc]"
590,forget web let us go back to web,2022-06-13,web3,23:43:26,2022-06-13,[]
591,we are making a web app built on a watch learn model to provide all cobbers with rewards for their daily activity at club view,2022-06-13,web3,23:43:24,2022-06-13,[]
592,this week on multi chain sessions we are welcoming to discuss block chain data ecosystems for web apps,2022-06-13,web3,23:43:22,2022-06-13,[web3]
593,dubai retail giant maid al fut aim accepts crypt at shopping malls and hotels leading shopping mall operator,2022-06-13,web3,23:43:17,2022-06-13,[]
594,awesome am today with the co founders and take a listen at,2022-06-13,web3,23:43:15,2022-06-13,[]
595,despite the fall in crypt sep the native coin of block chain remains a good buy,2022-06-13,web3,23:43:15,2022-06-13,"[crypto,,blockchain]"
599,nicholas from dives with us into the crypt job market during the bear market amp provides tips on how to an,2022-06-13,web3,23:43:03,2022-06-13,[]
600,tune into our very own for a fireside chat on web data alongside to,2022-06-13,web3,23:43:02,2022-06-13,[]
602,quadrant ids will launch a collection of city passes nuts each representing the quadrant ids world each pass repress,2022-06-13,web3,23:43:00,2022-06-13,[]
603,ùòøùôûùô®ùôòùô§ùô™ùô£ùô©ùôöùôô ùô§ùô•ùô•ùô§ùôßùô©ùô™ùô£ùôûùô©ùôûùôöùô® of of of of a of a of get of of brand on generic new domains ads domains stamp,2022-06-13,web3,23:42:58,2022-06-13,"[generic,oneworddomains,ads,domains,staup‚Ä¶]"
605,hob chat update groups the group freshly opened with members hobos in groups connected from all over to,2022-06-13,web3,23:42:54,2022-06-13,"[hobochat,hobos]"
607,ùòøùôûùô®ùôòùô§ùô™ùô£ùô©ùôöùôô ùô§ùô•ùô•ùô§ùôßùô©ùô™ùô£ùôûùô©ùôûùôöùô® of of of of a of a of get of of brand on generic counterfeit detectors ads domains stamp a,2022-06-13,web3,23:42:53,2022-06-13,"[generic,counterfeit,detectors,ads,domains,staup,d‚Ä¶]"
608,tech builders and businesses evaluating decentralized technologies should keep these seven web security best practice,2022-06-13,web3,23:42:53,2022-06-13,[]
609,reminder of why is a great choice for a bear market with the lowest overhead of any crypt mining type token at,2022-06-13,web3,23:42:50,2022-06-13,"[bearmarket,cryptomining]"
610,pm friends in pane ship with i am string a new weekly mix tape showing what is dope in web music we will,2022-06-13,web3,23:42:48,2022-06-13,[]
611,paused all withdrawals due to extreme market conditions sch listen i am a big we crypt advice,2022-06-13,web3,23:42:48,2022-06-13,[]
612,more people in web need to adopt a fuck a and everyone associated with it mindset they have been playing a long,2022-06-13,web3,23:42:46,2022-06-13,[]
613,guys i received airdrop from great project and community let us try for scanner get rewards and a,2022-06-13,web3,23:42:46,2022-06-13,[]
615,introducing ethan clime building logic try amp ago app a skilled business and growth specialist building multiple web prove,2022-06-13,web3,23:42:45,2022-06-13,[]
617,web chums the meta verse will be a fully visual world you can live and work in replacing your office with a visual office,2022-06-13,web3,23:42:43,2022-06-13,[]
619,auroras is the best option for high quality decentralized data storage amp streaming we have developed a network of,2022-06-13,web3,23:42:40,2022-06-13,"[aurorafs,decentralized]"
622,sub query amp juno to celebrate our growth into cosmos via we are running a set token air,2022-06-13,web3,23:42:36,2022-06-13,"[sqt,air‚Ä¶]"
624,in we talk about being a bastion for solano and web as a whole i think to play that role we need to utilize,2022-06-13,web3,23:42:34,2022-06-13,[]
625,mark or calendar for our weekly web fashion not space,2022-06-13,web3,23:42:34,2022-06-13,"[web3,fashion,nft]"
626,when i think about it many of the best and most profitable opp unities that i have had have come about as a result,2022-06-13,web3,23:42:33,2022-06-13,[]
627,there is so many job opp unities in web regardless of the market conditions have a marketing background try to,2022-06-13,web3,23:42:30,2022-06-13,[]
629,ùòøùôûùô®ùôòùô§ùô™ùô£ùô©ùôöùôô ùô§ùô•ùô•ùô§ùôßùô©ùô™ùô£ùôûùô©ùôûùôöùô® of of of of a of a of get of of brand on generic new domains ads domains stamp,2022-06-13,web3,23:42:25,2022-06-13,"[generic,oneworddomains,ads,domains,staup‚Ä¶]"
630,after nearly two hours introduction from my friends last night my understanding of basis bitching has changed al,2022-06-13,web3,23:42:23,2022-06-13,[bsvisbitcoin]
631,thank you for sharing our to and co speaking at check out the video,2022-06-13,web3,23:42:20,2022-06-13,[]
632,thank you for a high quality addicting game really excited for what you have in store i just scored the all to,2022-06-13,web3,23:42:20,2022-06-13,[]
636,there is only one killer,2022-06-13,web3,23:42:17,2022-06-13,[]
637,they are delivering the messages python a it idiot porch javascript reacts word press security defied a,2022-06-13,web3,23:42:16,2022-06-13,"[python,ai,iot,iiot,pytorch,javascript,reactjs,wordpress,security,defi,ad,w‚Ä¶]"
640,the bottom is web being universally acknowledged as a joke,2022-06-13,web3,23:42:12,2022-06-13,[]
641,fax was always for your how you think they are the only ones that did not laid off employees and even more they st,2022-06-13,web3,23:42:11,2022-06-13,[]
643,damn that is some god tier levelling,2022-06-13,web3,23:42:10,2022-06-13,[]
646,you are still early arena giveaway the first followers will be considered like amp re tweet tag fri,2022-06-13,web3,23:42:06,2022-06-13,[]
647,freedom and independence are crucial to every ukrainian fighting against the russian army mint and donate to support,2022-06-13,web3,23:42:05,2022-06-13,[]
648,dogs professional services group provides your enterprise with the technical expense it needs to build products in the,2022-06-13,web3,23:42:05,2022-06-13,[]
649,wow congratulations to the whole tells team for the good work tells los crypt web,2022-06-13,web3,23:42:05,2022-06-13,"[telos,crypto,web3]"
650,congratulations to those who participated in the event kindly check your name in the aisle below to and hop on our,2022-06-13,web3,23:42:03,2022-06-13,[]
651,anime meta verse makes the best waif not in all of web am follow a reveal,2022-06-13,web3,23:42:00,2022-06-13,"[amfollowam,amreveal]"
652,let us empower the world to use web effortlessly card no,2022-06-13,web3,23:41:59,2022-06-13,"[web3.,cardano]"
653,people going to not nyx are either the future leaders of web or people who spent literally their last penny to pay,2022-06-13,web3,23:41:57,2022-06-13,[]
654,us the a nuts from have direct amp immediate utility after minting door,2022-06-13,web3,23:41:56,2022-06-13,"[nfts,dyor:‚Ä¶]"
656,not seeing much talk of goodwill positive vibe supp at the moment on twitter in relation to nuts mainly just a,2022-06-13,web3,23:41:52,2022-06-13,[]
658,ùòøùôûùô®ùôòùô§ùô™ùô£ùô©ùôöùôô ùô§ùô•ùô•ùô§ùôßùô©ùô™ùô£ùôûùô©ùôûùôöùô® of of of of a of a of get of of brand on generic new domains ads domains stamp,2022-06-13,web3,23:41:51,2022-06-13,"[generic,oneworddomains,ads,domains,staup‚Ä¶]"
659,bins vision is to become the worlds premiere one toyshop for web gamers and game i projects and to be a place we,2022-06-13,web3,23:41:50,2022-06-13,"[bmn‚Äôs,web3,gamefi]"
660,make sure to get on the spiritual wave we bringing into web check this music video out subscribe to my youtube cha,2022-06-13,web3,23:41:50,2022-06-13,[]
663,what do luxury fashion brands have to say about pops and digital wearable lux i is looking closely at web collar,2022-06-13,web3,23:41:47,2022-06-13,"[luxury,pfps,digital,web3]"
667,us joined on live at consensus to talk about how is main,2022-06-13,web3,23:41:44,2022-06-13,[consensus2022]
674,de hub has just been cited amongst the top notable social web projects on csc head to no,2022-06-13,web3,23:41:33,2022-06-13,"[web3,bsc.]"
675,creator to is now live or thank you for the supp and feedback supp us in our mission to build a,2022-06-13,web3,23:41:32,2022-06-13,[gr14!]
676,announcing wave of the graph advocates program congratulations to new advocates who will use their talents,2022-06-13,web3,23:41:32,2022-06-13,[]
677,these issues are happening based on the fact that these platforms are based on web which does not allow users take,2022-06-13,web3,23:41:31,2022-06-13,[]
679,flash giveaway happy to supp builders like fam checking for some al spots for this of,2022-06-13,web3,23:41:27,2022-06-13,[]
680,hebron could also change the game defensively in his prime destroy you on the offensive end do not discount that as well,2022-06-13,web3,23:41:26,2022-06-13,[]
681,at any given time there are hundreds of web events around the world and the trend is upward we have been to you,2022-06-13,web3,23:41:25,2022-06-13,[]
682,little preview python rob lox it eth azure porch by,2022-06-13,web3,23:41:24,2022-06-13,"[python,roblox,iot,eth,azure,pytorch,cy‚Ä¶]"
685,cult teaches how to bridge the gap across the board doing it now with web communities is teaching me how to properly,2022-06-13,web3,23:41:16,2022-06-13,[web3]
686,chain vet yesterday tech into accounts today tech into accounts clauses mkt cap,2022-06-13,web3,23:41:15,2022-06-13,[vechain]
687,join us at am best today as we chat all things beefy blokes and web we will be giving away shit tons of beef set,2022-06-13,web3,23:41:14,2022-06-13,[]
689,am it tesla tesla sea sea coin bit str,2022-06-13,web3,23:41:13,2022-06-13,[tesla]
691,we are hiring a full stack infra focused engineer to join the team at this is a good role for anyone who has spent,2022-06-13,web3,23:41:11,2022-06-13,[]
692,tapes spaces takeover tomorrow pm est tune in tuesdays up a amp a with her track get up amp,2022-06-13,web3,23:41:10,2022-06-13,[aapes]
693,bit coin last price etc daily indicators variation since hut mac mac lines,2022-06-13,web3,23:41:09,2022-06-13,"[bitcoin,btc]"
695,sky is the limit when it comes to technology side and we are just beginning we also have the most area,2022-06-13,web3,23:41:07,2022-06-13,[]
697,at a adore we are embarking on an ambitious mission to revolutionise the way we date amp interact follow us on twitter and a,2022-06-13,web3,23:41:06,2022-06-13,[]
699,i can guarantee you people are building and experimenting with nuts even in this market who else is building in web what,2022-06-13,web3,23:41:04,2022-06-13,[]
700,chinese hackers distribute backdoor web wallets for is and android users,2022-06-13,web3,23:41:03,2022-06-13,"[chinese,hackers,backdoored,web3,wallets,ios,android,users]"
702,ùòøùôûùô®ùôòùô§ùô™ùô£ùô©ùôöùôô ùô§ùô•ùô•ùô§ùôßùô©ùô™ùô£ùôûùô©ùôûùôöùô® of of of of a of a of get of of brand on generic new domains ads domains stamp,2022-06-13,web3,23:41:02,2022-06-13,"[generic,oneworddomains,ads,domains,staup‚Ä¶]"
704,we are thrilled to be collaborating with to build nexus world polygon is the leading platform for web,2022-06-13,web3,23:41:01,2022-06-13,"[nexusworld!,polygon]"
705,connecting a decentralized world satellites ground stations computers amp people together we are becoming nexus dec,2022-06-13,web3,23:40:59,2022-06-13,"[nexus,dece‚Ä¶]"
706,if you are wondering why our economy is in the place it is in right now this is a great foundational video to watch about,2022-06-13,web3,23:40:58,2022-06-13,[economy]
708,i will not lie to you this bear market is making me extremely anxious like most of us i imagine but even though i mig,2022-06-13,web3,23:40:58,2022-06-13,[]
711,tow to al looking for amazing session with web community and what we could supp and build next of city al,2022-06-13,web3,23:40:53,2022-06-13,"[nftcity,kl]"
713,we are buzzing we extend promotions so that people learn to use the hui tools it is invigorating when the promotion,2022-06-13,web3,23:40:51,2022-06-13,[hufi]
714,community verified verified and now ron audited enter the temple jas of community web just pain,2022-06-13,web3,23:40:51,2022-06-13,"[jbas,nftcommunity,web3,justapein‚Ä¶]"
717,dan studios presents law bytes check out all current episodes web we community not nftcommunitycryptoa cry,2022-06-13,web3,23:40:43,2022-06-13,"[dcn,lawbytes,web3,web3community,nft,nftcommunitycryptoa,cryp‚Ä¶]"
721,that is exactly what i am doing with sep the native coin of block chain you show,2022-06-13,web3,23:40:38,2022-06-13,"[blockchain,]"
725,my bag is packed and i am ready for nyx i cannot wait to vibe with and the web family girl for the first,2022-06-13,web3,23:40:29,2022-06-13,"[nyc!‚úàÔ∏è,web3]"
727,now cancelled days code code newbie women code programming data science academic witter machine learning a,2022-06-13,web3,23:40:29,2022-06-13,"[100daysofcode,codenewbie,womenwhocode,programming,datascience,academictwitter,machinelearning,s‚Ä¶]"
728,ùòøùôûùô®ùôòùô§ùô™ùô£ùô©ùôöùôô ùô§ùô•ùô•ùô§ùôßùô©ùô™ùô£ùôûùô©ùôûùôöùô® of of of of a of a of get of of brand on generic new domains ads domains stamp,2022-06-13,web3,23:40:29,2022-06-13,"[generic,oneworddomains,ads,domains,staup‚Ä¶]"
730,bit coin last price etc daily indicators variation since hut mac mac line,2022-06-13,web3,23:40:27,2022-06-13,"[bitcoin,btc]"
731,i have been fou nate to meet some incredibly talented people in web is easily in my top for lists a,2022-06-13,web3,23:40:24,2022-06-13,[]
732,owning a local grants participation in the production process of an animated film making each holder a co owner and a co,2022-06-13,web3,23:40:21,2022-06-13,[]
733,several linux updates rolling out soon we are adding min metrics expected returns mobile friendliness compatibility of,2022-06-13,web3,23:40:18,2022-06-13,[]
734,you just died days code code newbie women code programming data science academic witter machine learning a,2022-06-13,web3,23:40:16,2022-06-13,"[100daysofcode,codenewbie,womenwhocode,programming,datascience,academictwitter,machinelearning,s‚Ä¶]"
736,you have a good brand going but bitch graffiti might make more sense crypt should die along a,2022-06-13,web3,23:40:16,2022-06-13,[]
737,hey if you know you know,2022-06-13,web3,23:40:14,2022-06-13,[‚Ä¶]
738,nice project,2022-06-13,web3,23:40:14,2022-06-13,[]
740,tell me what a know trending tiara the dreaming private sale theremin movie ido in celebrity white,2022-06-13,web3,23:40:05,2022-06-13,"[trendingkiiara,thedreaming,privatesale,thedreamingmovie,ido,imacelebrity,white‚Ä¶]"
742,there is no doubt the bears are here but at nitro network we know that down markets are the time to work on crafting the,2022-06-13,web3,23:40:04,2022-06-13,[]
743,maybe web not i still believe in the initial cypher punk librarian ideals besides crypt but feel,2022-06-13,web3,23:40:01,2022-06-13,[]
744,followers fam you are next to all my nuts crypt frees help me reach that goal log wag i,2022-06-13,web3,23:40:01,2022-06-13,"[nfts,crypto,lfg,wagmi‚Ä¶]"
746,everyone try and join the spaces and poker event so many free nuts being handed out for the event it is going to be a good,2022-06-13,web3,23:39:59,2022-06-13,[]
748,bit coin the market is on fire but developing and improving applications within the hive ecosystem that bring value to,2022-06-13,web3,23:39:55,2022-06-13,"[bitcoin,hive]"
750,if you are wondering why our economy is in the place it is in right now this is a great foundational video to watch,2022-06-13,web3,23:39:55,2022-06-13,[economy]
751,official intelligence is transforming every walk of life via business innovation analyst,2022-06-13,web3,23:39:54,2022-06-13,"[aificialintelligence,business,innovation,analyt‚Ä¶]"
752,web is already being burnt while so many projects are being developed as we tweet the best is yet to come web crypts,2022-06-13,web3,23:39:52,2022-06-13,"[web3,cryptos,‚Ä¶]"
753,nexus is irresistible take a closer look web crypt currency open source eth cube security,2022-06-13,web3,23:39:52,2022-06-13,"[nexus,web3,cryptocurrency,opensource,eth,cybersecurity]"
756,everyone try and join the spaces and poker event so many free nuts being handed out for the event it is going to a,2022-06-13,web3,23:39:50,2022-06-13,[]
757,set your reminders,2022-06-13,web3,23:39:50,2022-06-13,[]
760,we curate by maximizing the of projects represented for the most diverse view we have me,2022-06-13,web3,23:39:44,2022-06-13,[]
761,ùòøùôûùô®ùôòùô§ùô™ùô£ùô©ùôöùôô ùô§ùô•ùô•ùô§ùôßùô©ùô™ùô£ùôûùô©ùôûùôöùô® of of of of a of a of get of of brand on generic new domains ads domains stamp,2022-06-13,web3,23:39:42,2022-06-13,"[generic,oneworddomains,ads,domains,staup‚Ä¶]"
762,project is nearly ready for launch when june the what minting your fun for eth for more info please join of,2022-06-13,web3,23:39:42,2022-06-13,[]
763,you realize this will be much bigger over time once tools on solano make it easier to buy a minting of,2022-06-13,web3,23:39:39,2022-06-13,[]
769,you will know a has become sentient when juicy turd has a eth floor del not,2022-06-13,web3,23:39:35,2022-06-13,[nft‚Ä¶]
770,best a about web for me being creative to adas,2022-06-13,web3,23:39:34,2022-06-13,[]
774,is an not project created for the community our main goal is to have our community benefit from,2022-06-13,web3,23:39:32,2022-06-13,[nft]
778,and the official mention of for the first time what does this mean i network is the first web platform in the world,2022-06-13,web3,23:39:28,2022-06-13,[]
785,got market strategy amp customer behaviour in web is different to web here are principles to consider in marketing,2022-06-13,web3,23:39:09,2022-06-13,[web3]
787,become the best crypt currency if there is a crypt currency that wants to surpass i coin i personally think that,2022-06-13,web3,23:39:07,2022-06-13,[]
788,keep building builders of projects game changers in the of community on solano eth raven coin sta,2022-06-13,web3,23:39:03,2022-06-13,"[nftprojects,nftcommunity,solana,eth,ravencoin]"
790,i us dpi spring breeze during hot summer autumn hope for the first time the frost fell and the pie announced,2022-06-13,web3,23:39:02,2022-06-13,[]
792,the web that musk has been looking for was developed by his stanford university alumnus or nicholas namely i web,2022-06-13,web3,23:38:57,2022-06-13,[]
793,eos eos governance getting noticed by the block chain web crypt crypts crypt news crypt market crypt,2022-06-13,web3,23:38:56,2022-06-13,"[eos,governance,blockchain,web3,crypto,cryptos,cryptonews,cryptomarket,crypto‚Ä¶]"
794,wish pal can see that we can completely transform the entrainment industry thru sea contracts and crypt the bail,2022-06-13,web3,23:38:55,2022-06-13,[]
795,and another paper you can now log in to their post apocalyptic multiplayer playtex,2022-06-13,web3,23:38:52,2022-06-13,[playtoea‚Ä¶]
797,right now is the perfect time to go find follow and supp future web builders and innovators because they are what we nee,2022-06-13,web3,23:38:47,2022-06-13,[]
799,all of this pointed out could not add up to say that current social platforms are safe for users all so of mon,2022-06-13,web3,23:38:39,2022-06-13,[]
802,ùòøùôûùô®ùôòùô§ùô™ùô£ùô©ùôöùôô ùô§ùô•ùô•ùô§ùôßùô©ùô™ùô£ùôûùô©ùôûùôöùô® of of of of a of a of get of of brand on generic counterfeit detectors ads domains,2022-06-13,web3,23:38:38,2022-06-13,"[generic,counterfeit,detectors,ads,domains‚Ä¶]"
808,right now is the perfect time to go find follow and supp future web builders and innovators because they are,2022-06-13,web3,23:38:21,2022-06-13,[]
809,nov your mental health is deteriorating as you participate in nuts amp amp web,2022-06-13,web3,23:38:20,2022-06-13,[]
810,am resend it in english we will answer your questions about the upcoming resend it token sale,2022-06-13,web3,23:38:15,2022-06-13,"[2,‚Ä¶]"
811,if you are a creator developer list designer or musician reach out let us build web crypt meta verse be,2022-06-13,web3,23:38:04,2022-06-13,"[web3,crypto,metaverse,p2e]"
812,huge giveaway from black governors prize white list from a of mob you can participate in our discord web,2022-06-13,web3,23:38:03,2022-06-13,[web3‚Ä¶]
814,check out fam changing web pixel a on another level,2022-06-13,web3,23:38:00,2022-06-13,[]
816,hold on to what you believe in hill web,2022-06-13,web3,23:37:56,2022-06-13,"[hmbl,web3]"
817,i participate in the move plus welcome airdrop join the event with me to get amazing rewards airdrop will end on,2022-06-13,web3,23:37:53,2022-06-13,[]
819,this market in is not the best but the best time to ape in let us prepare for web meta verse,2022-06-13,web3,23:37:49,2022-06-13,[]
820,wishing you a happy birthday days code code newbie women code programming data science academic witter a,2022-06-13,web3,23:37:47,2022-06-13,"[100daysofcode,codenewbie,womenwhocode,programming,datascience,academictwitter,m‚Ä¶]"
822,,2022-06-13,web3,23:37:45,2022-06-13,[]
824,i participate in the move plus welcome airdrop join the event with me to get amazing rewards airdrop will end on,2022-06-13,web3,23:37:41,2022-06-13,[]
827,hello frees are you in miami next weekend join me and for a free community workshop web who what,2022-06-13,web3,23:37:40,2022-06-13,"[miami,free]"
828,real time has for audi follow us for exclusive updates on the top not collections live has at,2022-06-13,web3,23:37:37,2022-06-13,[]
829,did i say it days code code newbie women code programming data science academic witter machine learning ser,2022-06-13,web3,23:37:37,2022-06-13,"[100daysofcode,codenewbie,womenwhocode,programming,datascience,academictwitter,machinelearning,ser‚Ä¶]"
830,shout out to all level users of our web task journey and holders of our integral size medal not we released new task,2022-06-13,web3,23:37:36,2022-06-13,[]
833,the wait is over the buckles web series first look trailer,2022-06-13,web3,23:37:31,2022-06-13,[]
834,ùòøùôûùô®ùôòùô§ùô™ùô£ùô©ùôöùôô ùô§ùô•ùô•ùô§ùôßùô©ùô™ùô£ùôûùô©ùôûùôöùô® of of of of a of a of get of of brand on generic new domains ads domains stamp,2022-06-13,web3,23:37:30,2022-06-13,"[generic,oneworddomains,ads,domains,staup‚Ä¶]"
836,ocean honda migration is a few days if you have not locked up your pool shares you have barely two days to do so,2022-06-13,web3,23:37:29,2022-06-13,[oceanonda]
837,new nest as a wellness opening july the the first web a wellness on featuring over,2022-06-13,web3,23:37:28,2022-06-13,[]
838,bit coin last price etc daily indicators variation since hut mac mac line,2022-06-13,web3,23:37:27,2022-06-13,"[bitcoin,btc]"
839,and how that can help us create more productive teams how a,2022-06-13,web3,23:37:24,2022-06-13,[]
840,i participate in the move plus welcome airdrop join the event with me to get amazing rewards airdrop will end on,2022-06-13,web3,23:37:20,2022-06-13,[]
843,take a at the up and coming web crypt news token that launched with utility and fullydoxxedde,2022-06-13,web3,23:37:18,2022-06-13,"[web3,cryptonews,utility,fullydoxxedde‚Ä¶]"
844,if you are preparing an not launch and want to protect your community from scams feel free to do us let us make web,2022-06-13,web3,23:37:18,2022-06-13,[]
845,our friend is sharing his insight in the present and into the future in this youtube show web,2022-06-13,web3,23:37:16,2022-06-13,"[shos,web3‚Ä¶]"
846,going to sta learning web now your opinions any resources to share,2022-06-13,web3,23:37:15,2022-06-13,[web3]
848,sea move derek we do not blame you this is the reason we are papers with volt,2022-06-13,web3,23:37:13,2022-06-13,[]
849,meters news mastercard is working to enable not commerce with immutable a candy digital the sandbox mint,2022-06-13,web3,23:37:11,2022-06-13,"[metaversenews,nft]"
851,join us live to understand the new age of web and discover how the meta verse ecosystem offers a new landscape for stamp,2022-06-13,web3,23:37:08,2022-06-13,[metaverse]
852,be a stage play micro producer this dec with a eth opens a not purchase not,2022-06-13,web3,23:37:06,2022-06-13,[nft‚Ä¶]
855,ùòøùôûùô®ùôòùô§ùô™ùô£ùô©ùôöùôô ùô§ùô•ùô•ùô§ùôßùô©ùô™ùô£ùôûùô©ùôûùôöùô® of of of of a of a of get of of brand on generic new domains ads domains stamp,2022-06-13,web3,23:37:00,2022-06-13,"[generic,oneworddomains,ads,domains,staup‚Ä¶]"
856,so much fun weekend at psychedelia gallery thank you pulled it out again in unlimited web lists,2022-06-13,web3,23:36:56,2022-06-13,"[psychedeliagallery,web3.]"
857,something calming and minimal to end the day with regardless of what the future holds i can say without a doubt,2022-06-13,web3,23:36:55,2022-06-13,[]
859,if you know blockchaingaming you should know the name splinter lands if not we did the work for you check out our rates,2022-06-13,web3,23:36:51,2022-06-13,"[blockchaingaming,splinterlands!]"
862,great content quality people games and more come chill with our ais web nita of community utilities innovate,2022-06-13,web3,23:36:48,2022-06-13,"[web3,nfta,nftcommunity,utilities,innovati‚Ä¶]"
865,i am discovering web on smoothie awards sigxdacfebddccbbbaeadfecfbb,2022-06-13,web3,23:36:45,2022-06-13,[smoothieawards]
870,ùòøùôûùô®ùôòùô§ùô™ùô£ùô©ùôöùôô ùô§ùô•ùô•ùô§ùôßùô©ùô™ùô£ùôûùô©ùôûùôöùô® of of of of a of ùô©ùô§ùôôùôñùôÆ create your brand generic new domains ads domains stamp discount,2022-06-13,web3,23:36:44,2022-06-13,"[generic,oneworddomains,ads,domains,staup,discoun‚Ä¶]"
871,never fun to see wealth destruction but it is a necessary reset i do not know how long or bad it will be but i am feeling i,2022-06-13,web3,23:36:43,2022-06-13,[]
874,this may be just for them to be like gem and other not marketplaces giving opens a more value just,2022-06-13,web3,23:36:42,2022-06-13,[]
876,this community is amazing it is leader is so cool and they are building for web and the meta verse com,2022-06-13,web3,23:36:38,2022-06-13,[]
880,time to make the web space fun again,2022-06-13,web3,23:36:36,2022-06-13,[]
881,web stamp galaxy raises a to give content creators their own social tokens tech crunch stamp,2022-06-13,web3,23:36:35,2022-06-13,[staup]
883,in web companies often build for the existing users but we should be building for the next wave of users operating in the,2022-06-13,web3,23:36:34,2022-06-13,[]
885,join in and get your world leader nuts each not has a special power against the other earn coins of,2022-06-13,web3,23:36:31,2022-06-13,[nfts.]
887,security chinese hackers distribute backdoor web wallets for is and android users,2022-06-13,web3,23:36:28,2022-06-13,[security]
888,take a at the up and coming web crypt news token that launched with utility and,2022-06-13,web3,23:36:27,2022-06-13,"[web3,cryptonews,utility]"
889,so i am chilling at a web conference builders of a dope community in their presidential suite amp one,2022-06-13,web3,23:36:26,2022-06-13,[]
890,ùòøùôûùô®ùôòùô§ùô™ùô£ùô©ùôöùôô ùô§ùô•ùô•ùô§ùôßùô©ùô™ùô£ùôûùô©ùôûùôöùô® of of of of a of ùô©ùô§ùôôùôñùôÆ generic new domains ads domains stamp discounted premium domains,2022-06-13,web3,23:36:26,2022-06-13,"[generic,oneworddomains,ads,domains,staup,discounted,premiumdomains‚Ä¶]"
894,fire sale in web right now,2022-06-13,web3,23:36:22,2022-06-13,[web3]
895,how to get a job in web join us tomorrow with and a special guest will also be there set you,2022-06-13,web3,23:36:20,2022-06-13,[]
897,the said platforms has made of more benefits from the users than they have made from the use of the platforms all of,2022-06-13,web3,23:36:19,2022-06-13,[]
900,web the web killer via,2022-06-13,web3,23:36:10,2022-06-13,[]
901,keep up with crypt with crypt show cut through the fluff and noise get your crypt news in concise key bull,2022-06-13,web3,23:36:07,2022-06-13,[cryptoshos]
903,the thread of threads on discord and web safety pass on to everyone you know,2022-06-13,web3,23:36:07,2022-06-13,[]
904,metal unit was just minted on opens a take a look and snatch it bit your web identity,2022-06-13,web3,23:36:07,2022-06-13,[]
906,feeling like tuesday is going to be a big day not a ebay web,2022-06-13,web3,23:35:58,2022-06-13,"[nft,rrbayc,web3]"
908,i have been fou nate to meet some incredibly talented people in web is easily in my top for lists,2022-06-13,web3,23:35:54,2022-06-13,[]
910,volatility can be scary to newcomers in the web space instead of panicking about bit coin and ethereal read my,2022-06-13,web3,23:35:53,2022-06-13,"[web3,bitcoin,ethereum,]"
914,the bigger the uncertainty the bigger the reward we will reward your courage get in now before everyone else first,2022-06-13,web3,23:35:52,2022-06-13,[]
918,we could not be more proud to paper with the silver a project perfectly aligned with our own values the silver a,2022-06-13,web3,23:35:42,2022-06-13,[]
921,you are the ones who know best how to welcome others to web and share the excitement and passion about the new interne,2022-06-13,web3,23:35:38,2022-06-13,[]
922,are you looking for a job in web or maybe are you offering one go and check who built a website specially,2022-06-13,web3,23:35:37,2022-06-13,[]
923,spruce id fireside chat russian version web zero knowledge crypt currency block chain,2022-06-13,web3,23:35:35,2022-06-13,"[web3,zeroknowledge,cryptocurrency,blockchain]"
924,ùòøùôûùô®ùôòùô§ùô™ùô£ùô©ùôöùôô ùô§ùô•ùô•ùô§ùôßùô©ùô™ùô£ùôûùô©ùôûùôöùô® of of of of a of ùô©ùô§ùôôùôñùôÆ get of of brand on generic new domains ads domains stamp,2022-06-13,web3,23:35:35,2022-06-13,"[generic,oneworddomains,ads,domains,staup‚Ä¶]"
925,,2022-06-13,web3,23:35:34,2022-06-13,[]
932,soft cap is filled within a few minutes we got days left to go for the run fair launch top trending on pinks,2022-06-13,web3,23:35:26,2022-06-13,[prun]
933,web game companies learn from the failures of other companies and think of fun as a key aspect,2022-06-13,web3,23:35:26,2022-06-13,[]
935,airdrop of rhinos randoms winners june est follow me amp a,2022-06-13,web3,23:35:25,2022-06-13,[airdrop]
936,contributors so far and top pink sale trending we can double the soft cap easily become runners become health,2022-06-13,web3,23:35:22,2022-06-13,[2]
937,adam mining data pal share adam and tag friends drop your csc address airdrop giveaway etc web,2022-06-13,web3,23:35:21,2022-06-13,"[adam,mining,bsc,airdrop,giveaway,btc,web3‚Ä¶]"
938,the first match brand in web get some real utility from this not,2022-06-13,web3,23:35:20,2022-06-13,"[web3,nft]"
944,verso wave with kennels music video coming next meta verse web nuts,2022-06-13,web3,23:35:11,2022-06-13,"[metaverse,web3,nfts]"
950,ùòøùôûùô®ùôòùô§ùô™ùô£ùô©ùôöùôô ùô§ùô•ùô•ùô§ùôßùô©ùô™ùô£ùôûùô©ùôûùôöùô® of of of of a of ùô©ùô§ùôôùôñùôÆ get of of brand on generic new domains ads domains stamp,2022-06-13,web3,23:35:05,2022-06-13,"[generic,oneworddomains,ads,domains,staup‚Ä¶]"
951,flex your eggs and bal uts let me see your web eggs,2022-06-13,web3,23:35:04,2022-06-13,[]
957,i have contributed in big ways in web including collecting from projects and lists and investing in various crypt i,2022-06-13,web3,23:34:44,2022-06-13,[]
958,it is truly the people remaining positive hopeful patient and kind with themselves and others in the web space amp of,2022-06-13,web3,23:34:43,2022-06-13,[]
960,maybe ice will be the link of this bear market,2022-06-13,web3,23:34:41,2022-06-13,[]
962,of of of of ‚Ñùùïñùï§ùïöùïïùïñùïüùï• ‚ÑÇùï£ùïñùïíùï•ùï†ùï£ùï§ please join us in welcoming these beautiful human beings to the very first web creator res,2022-06-13,web3,23:34:37,2022-06-13,[]
963,as the internet transforms from web to web rewards await those brave enough to immerse themselves in this seismic ship,2022-06-13,web3,23:34:34,2022-06-13,"[web2,web3,]"
964,yes i do web stuff most call me crazy but they will be left behind seems more silly,2022-06-13,web3,23:34:33,2022-06-13,[]
965,if you are getting married or eloping anytime soon or just want photographs of you and your paper let us chat form,2022-06-13,web3,23:34:33,2022-06-13,[]
966,set that reminder and do not forget to charge your phone web meta verse music mondays,2022-06-13,web3,23:34:29,2022-06-13,"[web3,metaverse,musicmondays]"
967,is helping build the first web native wellness brand offering holders a,2022-06-13,web3,23:34:29,2022-06-13,[]
970,bit coin last price etc daily indicators variation since hut mac mac line,2022-06-13,web3,23:34:27,2022-06-13,"[bitcoin,btc]"
972,we will release the pane ship with to provide fast and seamless decentralized storage function for all a,2022-06-13,web3,23:34:26,2022-06-13,[]
973,announcement meta line is thrilled to announce the official pane ship with a web cloud computing,2022-06-13,web3,23:34:24,2022-06-13,"[metaline,panership]"
974,psych naut ape division news la this splendid pad my friend from pad,2022-06-13,web3,23:34:24,2022-06-13,"[pad,‚Ä¶]"
975,coin telegraphs very own editor chief kristina a corner moderating at the true,2022-06-13,web3,23:34:22,2022-06-13,[]
976,this is something ghost trader are good at teaching their community patience with our veteran trader with,2022-06-13,web3,23:34:17,2022-06-13,[]
977,i have wondered if crypt is how they have funnelled their money and defrauded people defrauded poor people,2022-06-13,web3,23:34:17,2022-06-13,[]
978,seems like we crypt is doing a oil natural selection,2022-06-13,web3,23:34:17,2022-06-13,[]
979,ùòøùôûùô®ùôòùô§ùô™ùô£ùô©ùôöùôô ùô§ùô•ùô•ùô§ùôßùô©ùô™ùô£ùôûùô©ùôûùôöùô® of of of of a of ùô©ùô§ùôôùôñùôÆ get your brand on generic new domains ads domains stamp,2022-06-13,web3,23:34:16,2022-06-13,"[generic,oneworddomains,ads,domains,staup‚Ä¶]"
980,so crypt bit coin web will get a lot of hate and flack and honestly maybe some it is deserved when you are pass,2022-06-13,web3,23:34:09,2022-06-13,"[crypto,bitcoin,web3]"
981,goodness it was just minted on opens a take a look and snatch it bit your web identity,2022-06-13,web3,23:34:06,2022-06-13,[]
983,we love her unconditionally days code code newbie women code programming data science academic witter a,2022-06-13,web3,23:34:05,2022-06-13,"[100daysofcode,codenewbie,womenwhocode,programming,datascience,academictwitter,ma‚Ä¶]"
984,check all new awesome at magic den incl my collaboration nuts raver,2022-06-13,web3,23:34:04,2022-06-13,"[magiceden,nfts,053-056,054‚Ä¶]"
986,please join me in welcoming our newest team member blue the chief experience officer of web here at humble you will meet,2022-06-13,web3,23:34:02,2022-06-13,"[blue,,humbl.]"
987,we are super excited to announce this weeks am guest will be we will be talking about all things nuts,2022-06-13,web3,23:34:00,2022-06-13,[ama]
991,ùôÄùô®ùô©ùôñùôóùô°ùôûùô®ùôù of of ùôóùôßùôñùô£ùôô ùô§ùô£ùô°ùôûùô£ùôö a a ùôúùôßùôöùôñùô© ùôôùô§ùô¢ùôñùôûùô£ generic new domains ads domains stamp discounted premium domains,2022-06-13,web3,23:33:57,2022-06-13,"[generic,oneworddomains,ads,domains,staup,discounted,premiumdomains‚Ä¶]"
994,web is about being responsible for your own shit that includes security,2022-06-13,web3,23:33:53,2022-06-13,[]
996,hooked up with a ledger his first not from welcome to web,2022-06-13,web3,23:33:48,2022-06-13,[]
997,cool psychedelics anonymous genesis sold for wet crypt nuts web of community airdrop crypt cur,2022-06-13,web3,23:33:47,2022-06-13,"[1502,crypto,nfts,web3,nftcommunity,airdrop,cryptocur‚Ä¶]"
